user_id,username,created_at
1,user1,1689988198
2,user2,1684257729
3,user3,1701599895
4,user4,1702489307
5,user5,1689887838
6,user6,1686439143
7,user7,1681767236
8,user8,1683031167
9,user9,1697116639
10,user10,1702048776
11,user11,1686382537
12,user12,1687209753
13,user13,1688576076
14,user14,1682694308
15,user15,1685139121
16,user16,1693681760
17,user17,1694061513
18,user18,1689441934
19,user19,1693303928
20,user20,1696811359
21,user21,1678204773
22,user22,1685659566
23,user23,1702854309
24,user24,1700790694
25,user25,1701832122
26,user26,1691918345
27,user27,1697003825
28,user28,1689660543
29,user29,1688762813
30,user30,1697375531
31,user31,1678660914
32,user32,1688208637
33,user33,1673959472
34,user34,1676842398
35,user35,1700508980
36,user36,1694036301
37,user37,1683312887
38,user38,1682407435
39,user39,1699032157
40,user40,1686787487
41,user41,1690554239
42,user42,1676928180
43,user43,1697226831
44,user44,1677228319
45,user45,1703724294
46,user46,1673464322
47,user47,1694619367
48,user48,1694662530
49,user49,1699122832
50,user50,1698475257
51,user51,1692581989
52,user52,1686064485
53,user53,1689840974
54,user54,1695054943
55,user55,1698179887
56,user56,1681574645
57,user57,1679091081
58,user58,1686445059
59,user59,1692446669
60,user60,1676416881
61,user61,1691996398
62,user62,1677405637
63,user63,1676364237
64,user64,1687009624
65,user65,1683841991
66,user66,1672738085
67,user67,1703789475
68,user68,1687998805
69,user69,1702854184
70,user70,1703372652
71,user71,1681151759
72,user72,1676541702
73,user73,1691317143
74,user74,1694524333
75,user75,1698399452
76,user76,1690416133
77,user77,1677574900
78,user78,1691260547
79,user79,1686848899
80,user80,1696471837
81,user81,1686264252
82,user82,1689407873
83,user83,1687382439
84,user84,1690127224
85,user85,1694260953
86,user86,1695692906
87,user87,1690830584
88,user88,1692486572
89,user89,1675584700
90,user90,1679357388
91,user91,1680562494
92,user92,1689036282
93,user93,1696661296
94,user94,1673520888
95,user95,1696669440
96,user96,1696431877
97,user97,1693879319
98,user98,1691324988
99,user99,1684723740
100,user100,1677253189
101,user101,1674663449
102,user102,1690918615
103,user103,1680823136
104,user104,1679327447
105,user105,1696269078
106,user106,1676769728
107,user107,1692861938
108,user108,1693228046
109,user109,1676563441
110,user110,1697367006
111,user111,1699521410
112,user112,1703262704
113,user113,1691587863
114,user114,1691582280
115,user115,1675827252
116,user116,1689844894
117,user117,1672545679
118,user118,1694517180
119,user119,1683669235
120,user120,1676056467
121,user121,1680573957
122,user122,1700775784
123,user123,1696387580
124,user124,1694398831
125,user125,1690705291
126,user126,1702590216
127,user127,1695178879
128,user128,1689071426
129,user129,1675991259
130,user130,1679410718
131,user131,1697269704
132,user132,1681583936
133,user133,1686041166
134,user134,1681221408
135,user135,1703290722
136,user136,1689441106
137,user137,1696463977
138,user138,1690838715
139,user139,1698339840
140,user140,1683774304
141,user141,1685760650
142,user142,1676242003
143,user143,1700773211
144,user144,1700432044
145,user145,1699235779
146,user146,1686494926
147,user147,1697919915
148,user148,1679868523
149,user149,1672787017
150,user150,1684161978
151,user151,1696525624
152,user152,1684871932
153,user153,1703705330
154,user154,1697627116
155,user155,1672747189
156,user156,1691252456
157,user157,1698273445
158,user158,1677954115
159,user159,1675854277
160,user160,1678003286
161,user161,1701023166
162,user162,1700763526
163,user163,1674354649
164,user164,1678689498
165,user165,1697464822
166,user166,1686819704
167,user167,1676182389
168,user168,1694829141
169,user169,1676571818
170,user170,1690305331
171,user171,1677979831
172,user172,1683146496
173,user173,1699682609
174,user174,1693515545
175,user175,1703690905
176,user176,1697600513
177,user177,1678206076
178,user178,1690272701
179,user179,1690881924
180,user180,1673012513
181,user181,1690078592
182,user182,1689746611
183,user183,1697450253
184,user184,1679949514
185,user185,1672595477
186,user186,1672631016
187,user187,1701572407
188,user188,1696641632
189,user189,1679543816
190,user190,1693709010
191,user191,1699916764
192,user192,1677988248
193,user193,1680438117
194,user194,1690351240
195,user195,1680095544
196,user196,1674036985
197,user197,1674470195
198,user198,1676998997
199,user199,1702805044
200,user200,1690315374
201,user201,1687444684
202,user202,1687711200
203,user203,1694279311
204,user204,1673640554
205,user205,1693288030
206,user206,1690204952
207,user207,1677618128
208,user208,1702093768
209,user209,1677714728
210,user210,1674344415
211,user211,1694083519
212,user212,1692166205
213,user213,1680457926
214,user214,1703478678
215,user215,1677669294
216,user216,1700047094
217,user217,1688586189
218,user218,1677114494
219,user219,1703122286
220,user220,1684932921
221,user221,1701901538
222,user222,1689321593
223,user223,1701039724
224,user224,1679817907
225,user225,1696372116
226,user226,1687874517
227,user227,1701538917
228,user228,1679495923
229,user229,1674498619
230,user230,1679656928
231,user231,1698674241
232,user232,1685360692
233,user233,1687926594
234,user234,1683655922
235,user235,1689435347
236,user236,1673491545
237,user237,1695341092
238,user238,1674389967
239,user239,1703839368
240,user240,1698785214
241,user241,1682377038
242,user242,1697246005
243,user243,1693214376
244,user244,1690459577
245,user245,1677531533
246,user246,1693279483
247,user247,1691229391
248,user248,1690994417
249,user249,1681382971
250,user250,1689988981
251,user251,1679617188
252,user252,1683277123
253,user253,1679021201
254,user254,1677961635
255,user255,1678197646
256,user256,1678838818
257,user257,1680574464
258,user258,1673390201
259,user259,1700768958
260,user260,1689372536
261,user261,1694621728
262,user262,1674790893
263,user263,1684696035
264,user264,1676126989
265,user265,1676064475
266,user266,1688950102
267,user267,1674025254
268,user268,1695658756
269,user269,1687857446
270,user270,1693871629
271,user271,1672628692
272,user272,1702330197
273,user273,1686773391
274,user274,1684715914
275,user275,1675897007
276,user276,1694172380
277,user277,1682012935
278,user278,1681343800
279,user279,1675045594
280,user280,1695496514
281,user281,1700555825
282,user282,1680991532
283,user283,1673447592
284,user284,1699871561
285,user285,1693432698
286,user286,1679689254
287,user287,1693954638
288,user288,1693710791
289,user289,1702846753
290,user290,1686298186
291,user291,1676377065
292,user292,1692675988
293,user293,1675501688
294,user294,1701392097
295,user295,1688418812
296,user296,1703752075
297,user297,1695563712
298,user298,1673267636
299,user299,1673583660
300,user300,1684700576
301,user301,1674804381
302,user302,1698928281
303,user303,1702224674
304,user304,1698283062
305,user305,1700999488
306,user306,1696442976
307,user307,1678916581
308,user308,1695158875
309,user309,1674127831
310,user310,1694295125
311,user311,1678188257
312,user312,1697795976
313,user313,1678055060
314,user314,1684697158
315,user315,1676180854
316,user316,1680434451
317,user317,1701038349
318,user318,1675966594
319,user319,1686195673
320,user320,1697987454
321,user321,1692443782
322,user322,1683350710
323,user323,1673100679
324,user324,1696112496
325,user325,1681247273
326,user326,1675146210
327,user327,1701896679
328,user328,1700770061
329,user329,1681002437
330,user330,1688860460
331,user331,1694059822
332,user332,1679954873
333,user333,1694673925
334,user334,1686567171
335,user335,1688366791
336,user336,1692160486
337,user337,1699829687
338,user338,1688741573
339,user339,1676013379
340,user340,1689525720
341,user341,1700031551
342,user342,1675620508
343,user343,1685619743
344,user344,1677349710
345,user345,1686619715
346,user346,1679156572
347,user347,1699891803
348,user348,1694527690
349,user349,1693938594
350,user350,1674580038
351,user351,1679138298
352,user352,1691724877
353,user353,1686077198
354,user354,1688180102
355,user355,1681699042
356,user356,1683879272
357,user357,1694168435
358,user358,1699953542
359,user359,1693084633
360,user360,1699617863
361,user361,1674072772
362,user362,1680524058
363,user363,1677133716
364,user364,1693112491
365,user365,1694172086
366,user366,1675205479
367,user367,1687194030
368,user368,1673298081
369,user369,1684863623
370,user370,1696981633
371,user371,1695595798
372,user372,1699524914
373,user373,1688614508
374,user374,1688856560
375,user375,1674189362
376,user376,1702869451
377,user377,1693802260
378,user378,1691980690
379,user379,1698323578
380,user380,1682822572
381,user381,1672579274
382,user382,1683977362
383,user383,1678561118
384,user384,1679723657
385,user385,1693048674
386,user386,1684524741
387,user387,1677252653
388,user388,1687813344
389,user389,1682036745
390,user390,1703181418
391,user391,1686147976
392,user392,1694016819
393,user393,1676604052
394,user394,1688229902
395,user395,1677570080
396,user396,1702204020
397,user397,1690761535
398,user398,1699115045
399,user399,1692245237
400,user400,1682844833
401,user401,1692889060
402,user402,1694727046
403,user403,1689664381
404,user404,1693381361
405,user405,1687939270
406,user406,1682219124
407,user407,1685779958
408,user408,1678966491
409,user409,1678422069
410,user410,1674488844
411,user411,1678771338
412,user412,1690834533
413,user413,1679496721
414,user414,1696357008
415,user415,1689080381
416,user416,1685774980
417,user417,1680448329
418,user418,1687853084
419,user419,1700555105
420,user420,1698242771
421,user421,1690832216
422,user422,1687236858
423,user423,1703387577
424,user424,1695901378
425,user425,1688746234
426,user426,1686971982
427,user427,1685714015
428,user428,1690241280
429,user429,1677149794
430,user430,1681915032
431,user431,1701031331
432,user432,1678326454
433,user433,1697421149
434,user434,1687359405
435,user435,1683824655
436,user436,1691112401
437,user437,1686556363
438,user438,1697259822
439,user439,1676364293
440,user440,1682725870
441,user441,1703052643
442,user442,1686938008
443,user443,1676738413
444,user444,1683278021
445,user445,1677258536
446,user446,1693273857
447,user447,1687883420
448,user448,1680774750
449,user449,1701307954
450,user450,1697237175
451,user451,1686164386
452,user452,1680803410
453,user453,1695008631
454,user454,1686779608
455,user455,1703021276
456,user456,1674744744
457,user457,1690292065
458,user458,1675174925
459,user459,1700310988
460,user460,1692413531
461,user461,1697390677
462,user462,1699361857
463,user463,1682863347
464,user464,1685539819
465,user465,1676271040
466,user466,1701648325
467,user467,1703802863
468,user468,1678307514
469,user469,1698920321
470,user470,1673758743
471,user471,1689838810
472,user472,1682977198
473,user473,1694840604
474,user474,1688431382
475,user475,1702381771
476,user476,1701462531
477,user477,1684050327
478,user478,1700104494
479,user479,1700858813
480,user480,1682732269
481,user481,1703672293
482,user482,1688177748
483,user483,1697803233
484,user484,1698681534
485,user485,1675192355
486,user486,1696421678
487,user487,1700732241
488,user488,1693286709
489,user489,1691678840
490,user490,1678169042
491,user491,1681153544
492,user492,1692118317
493,user493,1686214050
494,user494,1703383325
495,user495,1679115522
496,user496,1687700281
497,user497,1687342595
498,user498,1674579036
499,user499,1690467152
500,user500,1695270653
501,user501,1693792667
502,user502,1686811370
503,user503,1688267309
504,user504,1673690918
505,user505,1697148625
506,user506,1681944490
507,user507,1682462393
508,user508,1703036520
509,user509,1673085382
510,user510,1687389191
511,user511,1692539524
512,user512,1684261285
513,user513,1680291318
514,user514,1684524048
515,user515,1689359634
516,user516,1686802113
517,user517,1679545207
518,user518,1675060296
519,user519,1677266236
520,user520,1681997665
521,user521,1701760414
522,user522,1685291557
523,user523,1687440174
524,user524,1683686463
525,user525,1686951730
526,user526,1681257563
527,user527,1695485057
528,user528,1689384184
529,user529,1678282242
530,user530,1702888075
531,user531,1678408583
532,user532,1698183487
533,user533,1697834670
534,user534,1699804783
535,user535,1680177833
536,user536,1692311982
537,user537,1696701324
538,user538,1701442736
539,user539,1676181031
540,user540,1689789010
541,user541,1675348848
542,user542,1684422533
543,user543,1678272181
544,user544,1700219285
545,user545,1677469725
546,user546,1697918907
547,user547,1681060403
548,user548,1683582646
549,user549,1693993540
550,user550,1701600503
551,user551,1697167036
552,user552,1683971037
553,user553,1685297931
554,user554,1677297751
555,user555,1675208314
556,user556,1690003256
557,user557,1672741781
558,user558,1680012434
559,user559,1690599598
560,user560,1699124573
561,user561,1684518643
562,user562,1680877531
563,user563,1690646077
564,user564,1701796023
565,user565,1676418771
566,user566,1702845416
567,user567,1681179451
568,user568,1683259856
569,user569,1688532629
570,user570,1673007676
571,user571,1682253771
572,user572,1674283313
573,user573,1697810485
574,user574,1696561379
575,user575,1674124460
576,user576,1682978949
577,user577,1693922657
578,user578,1689896707
579,user579,1681052470
580,user580,1701550451
581,user581,1684031609
582,user582,1693571696
583,user583,1675882607
584,user584,1688328303
585,user585,1691712413
586,user586,1677595355
587,user587,1689188895
588,user588,1692788712
589,user589,1690217250
590,user590,1694736792
591,user591,1704012949
592,user592,1673374488
593,user593,1688767586
594,user594,1678170154
595,user595,1673370231
596,user596,1681717083
597,user597,1686971468
598,user598,1700558297
599,user599,1703012023
600,user600,1700585279
601,user601,1685074068
602,user602,1680688068
603,user603,1687435116
604,user604,1689406554
605,user605,1676347127
606,user606,1688559736
607,user607,1689518485
608,user608,1690752823
609,user609,1694252679
610,user610,1687906669
611,user611,1676944552
612,user612,1702133680
613,user613,1693386176
614,user614,1697988750
615,user615,1693313607
616,user616,1678110762
617,user617,1685920549
618,user618,1692235931
619,user619,1700618739
620,user620,1701254117
621,user621,1678259654
622,user622,1687931133
623,user623,1673711991
624,user624,1683111213
625,user625,1699214459
626,user626,1675995264
627,user627,1695481375
628,user628,1694625633
629,user629,1692351105
630,user630,1693311254
631,user631,1695305483
632,user632,1688472424
633,user633,1679070980
634,user634,1693585291
635,user635,1678236698
636,user636,1697927331
637,user637,1680376439
638,user638,1697670573
639,user639,1688297113
640,user640,1703777845
641,user641,1689949996
642,user642,1699572621
643,user643,1695026224
644,user644,1700183136
645,user645,1689642368
646,user646,1699234008
647,user647,1687886267
648,user648,1682202286
649,user649,1692066086
650,user650,1680809742
651,user651,1702175979
652,user652,1674546491
653,user653,1672797713
654,user654,1697926396
655,user655,1683986374
656,user656,1676347422
657,user657,1695364662
658,user658,1697921530
659,user659,1693505574
660,user660,1701778099
661,user661,1675721759
662,user662,1676002748
663,user663,1698980909
664,user664,1679758408
665,user665,1678620762
666,user666,1690950059
667,user667,1701183827
668,user668,1696182412
669,user669,1691805686
670,user670,1702025756
671,user671,1692415770
672,user672,1696632848
673,user673,1686966087
674,user674,1688646920
675,user675,1675316922
676,user676,1676289700
677,user677,1698949161
678,user678,1681531708
679,user679,1673968906
680,user680,1701928405
681,user681,1674286275
682,user682,1695926167
683,user683,1681412598
684,user684,1692405848
685,user685,1673006914
686,user686,1694665900
687,user687,1673791789
688,user688,1695640560
689,user689,1680239450
690,user690,1676101051
691,user691,1689434922
692,user692,1689351076
693,user693,1680229318
694,user694,1701356168
695,user695,1680745660
696,user696,1675074431
697,user697,1692432920
698,user698,1691776992
699,user699,1682250589
700,user700,1682595505
701,user701,1688704400
702,user702,1677734374
703,user703,1702374331
704,user704,1702319966
705,user705,1680844840
706,user706,1694054167
707,user707,1684215822
708,user708,1678575191
709,user709,1687892004
710,user710,1703485496
711,user711,1683079608
712,user712,1698643848
713,user713,1702444362
714,user714,1698992904
715,user715,1699178550
716,user716,1677747165
717,user717,1693640831
718,user718,1702615117
719,user719,1681923910
720,user720,1687282820
721,user721,1673663516
722,user722,1687819354
723,user723,1688621960
724,user724,1687500031
725,user725,1703903270
726,user726,1689841915
727,user727,1680365667
728,user728,1689184847
729,user729,1699260580
730,user730,1690237160
731,user731,1686668974
732,user732,1684717598
733,user733,1685367685
734,user734,1687012670
735,user735,1687528054
736,user736,1682887236
737,user737,1677195700
738,user738,1678642044
739,user739,1678226833
740,user740,1675374838
741,user741,1699424551
742,user742,1690142173
743,user743,1694882631
744,user744,1687149563
745,user745,1687327342
746,user746,1678370025
747,user747,1682355921
748,user748,1691880107
749,user749,1676479929
750,user750,1692852736
751,user751,1673775817
752,user752,1673825410
753,user753,1682876367
754,user754,1696137181
755,user755,1695905796
756,user756,1694776057
757,user757,1697680066
758,user758,1682015437
759,user759,1676623788
760,user760,1691172852
761,user761,1673222724
762,user762,1674800341
763,user763,1675761543
764,user764,1692267951
765,user765,1693432973
766,user766,1687399213
767,user767,1681312968
768,user768,1690503726
769,user769,1686128524
770,user770,1679325755
771,user771,1699094049
772,user772,1679199037
773,user773,1683842413
774,user774,1676013459
775,user775,1676212022
776,user776,1689274818
777,user777,1674897551
778,user778,1683780890
779,user779,1698302985
780,user780,1689305892
781,user781,1679089083
782,user782,1692343926
783,user783,1685314166
784,user784,1687153228
785,user785,1678888383
786,user786,1703104329
787,user787,1688548032
788,user788,1693646810
789,user789,1693301600
790,user790,1681431253
791,user791,1679300271
792,user792,1690382585
793,user793,1689733797
794,user794,1689021147
795,user795,1687351885
796,user796,1681993001
797,user797,1689459380
798,user798,1695149052
799,user799,1687369075
800,user800,1678499195
801,user801,1688005184
802,user802,1678880313
803,user803,1687373661
804,user804,1691351164
805,user805,1676049283
806,user806,1674016166
807,user807,1672812045
808,user808,1691295327
809,user809,1676523106
810,user810,1680959371
811,user811,1675226181
812,user812,1699293775
813,user813,1675501730
814,user814,1695468015
815,user815,1673726718
816,user816,1685275322
817,user817,1703601270
818,user818,1694840439
819,user819,1697329554
820,user820,1680780559
821,user821,1697450984
822,user822,1703055972
823,user823,1682530109
824,user824,1696739341
825,user825,1675096772
826,user826,1691137278
827,user827,1690790888
828,user828,1676441166
829,user829,1682558571
830,user830,1699866587
831,user831,1698489651
832,user832,1698011938
833,user833,1678460446
834,user834,1674428621
835,user835,1702549089
836,user836,1697617425
837,user837,1676219347
838,user838,1702635994
839,user839,1680523722
840,user840,1699300771
841,user841,1678318434
842,user842,1674812835
843,user843,1675036423
844,user844,1693046535
845,user845,1673474050
846,user846,1690422873
847,user847,1676395740
848,user848,1676531094
849,user849,1693366934
850,user850,1687723328
851,user851,1698886173
852,user852,1692087910
853,user853,1688429101
854,user854,1701460185
855,user855,1693283758
856,user856,1685940221
857,user857,1680489704
858,user858,1703228637
859,user859,1686505174
860,user860,1678812529
861,user861,1703410657
862,user862,1685603698
863,user863,1699534044
864,user864,1702456912
865,user865,1673353691
866,user866,1683862846
867,user867,1674560112
868,user868,1686705793
869,user869,1675610582
870,user870,1703562568
871,user871,1702290422
872,user872,1699085672
873,user873,1694271567
874,user874,1701165459
875,user875,1677097248
876,user876,1700201413
877,user877,1689956641
878,user878,1698424943
879,user879,1695744496
880,user880,1684399886
881,user881,1698961558
882,user882,1693609103
883,user883,1699281468
884,user884,1679737491
885,user885,1677676636
886,user886,1692794815
887,user887,1690243133
888,user888,1679553114
889,user889,1696285781
890,user890,1675277401
891,user891,1683022594
892,user892,1677228491
893,user893,1692674549
894,user894,1691829653
895,user895,1686818663
896,user896,1699085526
897,user897,1690648717
898,user898,1683787558
899,user899,1675657815
900,user900,1695365425
901,user901,1693808198
902,user902,1696980660
903,user903,1702945143
904,user904,1679322890
905,user905,1702263494
906,user906,1698201546
907,user907,1703041954
908,user908,1675895825
909,user909,1673422514
910,user910,1682475688
911,user911,1696880980
912,user912,1690902531
913,user913,1685440478
914,user914,1693087478
915,user915,1687643283
916,user916,1680645588
917,user917,1675449375
918,user918,1697344533
919,user919,1690526772
920,user920,1674364006
921,user921,1690263716
922,user922,1691501525
923,user923,1681368789
924,user924,1681648213
925,user925,1686362956
926,user926,1701186814
927,user927,1678647660
928,user928,1681445448
929,user929,1698804651
930,user930,1687590565
931,user931,1693131318
932,user932,1681294413
933,user933,1702722549
934,user934,1701253338
935,user935,1684835142
936,user936,1682468659
937,user937,1687020526
938,user938,1701317518
939,user939,1685282729
940,user940,1679142265
941,user941,1699673816
942,user942,1675236395
943,user943,1673459254
944,user944,1679523770
945,user945,1682106107
946,user946,1683402531
947,user947,1692558320
948,user948,1674762187
949,user949,1693727377
950,user950,1679562921
951,user951,1674274716
952,user952,1696373026
953,user953,1701059595
954,user954,1696523254
955,user955,1681260159
956,user956,1681908231
957,user957,1696442033
958,user958,1678559198
959,user959,1693471844
960,user960,1696598182
961,user961,1673262994
962,user962,1697908888
963,user963,1674181419
964,user964,1701780076
965,user965,1695547132
966,user966,1674733432
967,user967,1682157671
968,user968,1690787854
969,user969,1701394682
970,user970,1691280593
971,user971,1675491521
972,user972,1683401176
973,user973,1692770184
974,user974,1686997310
975,user975,1703328937
976,user976,1686563355
977,user977,1685595298
978,user978,1686077517
979,user979,1686010356
980,user980,1697239751
981,user981,1678950192
982,user982,1685336201
983,user983,1674306248
984,user984,1674138069
985,user985,1682655978
986,user986,1673429046
987,user987,1681941036
988,user988,1702023793
989,user989,1684647643
990,user990,1678099424
991,user991,1696998954
992,user992,1685630080
993,user993,1698461602
994,user994,1676043395
995,user995,1681069368
996,user996,1688882649
997,user997,1687534356
998,user998,1690653125
999,user999,1699581224
1000,user1000,1693106228
